title,titletxt,upimg,simbol,icon1,icon2,icon3,icon4,icon5,explain1,explain2,explain3,explain4,explain5,solution1,solution2,solution3,solution4,solution5,solution6,solution7,solution8,solution9
Air,"상쾌한 공기, 내 몸의 엔진을 깨운다! 숨쉬는 순간 에너지가 쑥쑥!",Air,Air,Healthy/건강증진,Mind/정신건강,Hdenger/건강위험감소,X,X,"건강 증진/ 깨끗한 공기는 신체의 전반적인 건강 유지와 개선에 중요한 역할을 합니다. 연구에 따르면, 깨끗한 공기는 산소 소비를 줄이고, 심박수와 혈압을 안정시키는 데 기여하며, 심혈관 건강을 유지하는 데 필수적입니다. 특히, 깊은 호흡과 같은 호흡 운동은 산소 공급을 원활하게 하여 신체의 재생과 회복을 돕습니다. 반대로, 오염된 공기는 호흡기 질환의 주요 원인 중 하나로, 폐 기능 저하와 만성 기관지염 같은 문제를 유발할 수 있습니다.","정신 건강/ 깨끗한 공기는 신체뿐만 아니라 정신 건강에도 긍정적인 영향을 미칩니다. 연구에 따르면, 실내 공기가 깨끗할 때 뇌파 활동이 증가하며, 이는 집중력과 학습 능력을 향상시키고, 스트레스를 줄이는 데 도움이 됩니다. 반대로, 오염된 공기에 장시간 노출되면 신경계에 부정적인 영향을 미치며, 우울증이나 불안감을 증가시킬 수 있습니다.","건강 위험 감소/ 장기적으로 깨끗한 공기는 만성 질환을 예방하는 데 중요한 역할을 합니다. 연구에 따르면, 오염된 공기에 지속적으로 노출될 경우 만성 호흡기 질환, 심장 질환, 결핵 등의 위험이 증가할 수 있습니다. 따라서 깨끗한 공기를 유지하는 것은 장기적인 건강을 위해 필수적입니다.",X,X,"공기 정화 식물 기르기:/ 실내에 공기 정화 능력이 있는 식물을 배치하세요. 예를 들어, 알로에 베라, 스파트필름, 산세베리아 같은 식물은 실내 공기를 정화하는 데 효과적입니다. 이들 식물은 공기 중의 독소를 흡수하고 산소를 방출하여 실내 공기질을 개선합니다.",청소 및 먼지 제거:/ 실내 공기질을 개선하기 위해 정기적으로 집을 청소하고 먼지를 제거하세요. 진공청소기를 사용할 때는 HEPA 필터가 장착된 것을 사용해 공기 중의 미세먼지를 최대한 줄이세요.,카펫과 직물 관리:/ 카펫과 커튼 같은 직물은 공기 중의 먼지와 알레르겐을 흡수할 수 있습니다. 이를 정기적으로 세탁하거나 청소하여 실내 공기질을 개선하세요.,"금연 및 금연 구역 설정:/ 흡연은 실내 공기질을 크게 악화시킵니다. 금연을 실천하고, 가정 내 금연 구역을 설정하여 간접 흡연의 위험을 최소화하세요.",유해 화학물질 사용 최소화:/ 가정에서 사용하는 청소용품이나 개인 위생 용품 중 유해 화학물질이 포함된 제품을 사용하지 않도록 하세요. 대신 천연 성분이 포함된 제품을 사용하면 실내 공기질을 유지하는 데 도움이 됩니다.,"정기적인 환기:/ 실내 공기를 자주 환기시켜 신선한 공기를 공급하고, 공기 중의 유해 물질 농도를 낮추는데 도움이 됩니다.","정기적인 필터 청소:/ 에어컨, 히터, 공기청정기의 필터를 정기적으로 청소해 필터가 오염물질을 제대로 걸러내도록 유지합니다.","폐기물 분리수거 및 관리:/ 쓰레기를 정기적으로 분리수거하고 적절히 처리하여 집안에 유해 물질이 쌓이지 않도록 하세요. 음식물 쓰레기를 바로 처리하고, 집 안에 오래 방치하지 않도록 주의하세요.",X
Water,물 한 잔으로 내 몸에 새로고침! 리프레시하고 활력 충전 완료!,Water,Water,Healthy/건강증진,Cafein/카페인 및 수분균형,Brain/뇌 기능 및 집중력 향상,Temp/체온 조절 및 신체회복,X,"건강 증진/ 물은 신체의 기본 기능을 유지하는 데 필수적인 요소입니다. 물은 세포의 기능을 지원하고, 체온을 조절하며, 노폐물을 배출하는 데 중요한 역할을 합니다. 연구에 따르면, 충분한 수분 섭취는 소화, 혈액 순환, 그리고 피부 건강에도 직접적으로 영향을 미칩니다. 특히, 체내 수분이 부족하면 피로, 두통, 집중력 저하 등의 증상이 나타날 수 있습니다.","카페인 음료와 수분 균형/ 카페인이 함유된 음료는 이뇨 작용을 촉진해 체내 수분을 배출시키는 경향이 있습니다. 따라서 카페인 음료를 섭취할 때는 추가적인 물 섭취가 필요합니다. 특히 커피, 차, 에너지 음료를 자주 마시는 경우, 신체의 수분 균형을 유지하기 위해서는 물 섭취를 늘리는 것이 중요합니다.","뇌 기능 및 집중력 향상/ 물은 뇌 기능과도 깊은 연관이 있습니다. 수분 부족은 집중력 저하, 기억력 감퇴, 피로감을 유발할 수 있습니다. 연구에 따르면, 적절한 수분 섭취는 뇌 활동을 촉진하고 정신적 선명도를 유지하는 데 도움이 됩니다.","체온 조절 및 신체 회복/ 물은 체온 조절에 중요한 역할을 합니다. 운동이나 더운 날씨에 땀을 통해 체온이 상승할 때, 물을 충분히 섭취하면 체온을 안정적으로 유지할 수 있습니다. 또한, 수분은 신체 조직의 회복을 돕고 피로 회복을 촉진합니다.",X,"개인 맞춤형 수분 섭취 목표 설정:/ 하루에 8잔이라는 일반적인 권장량 대신, 자신의 체중, 활동량, 생활 환경에 맞는 적절한 수분 섭취량을 설정하고 이를 지켜 나가세요.","카페인 음료 섭취 시 물 보충:/ 커피, 차, 에너지 음료를 섭취한 후 추가로 물을 마셔 체내 수분 균형을 유지하세요.",휴대용 물병 소지:/ 외출 시 물병을 가지고 다니면서 언제든지 깨끗한 물을 마실 수 있도록 준비하세요.,"깨끗한 물 사용을 위한 정수기 사용:/ 가정에서는 정수기를 사용하거나, 외부에서 식수를 구할 때 깨끗한 물을 선택해 사용하세요.","갈증 신호 인식:/ 몸이 보내는 갈증 신호를 잘 인식하고, 갈증을 느낄 때 즉시 물을 섭취하세요. 입이 마르거나 소변 색이 짙어지면 물을 더 마셔야 합니다.","수분이 풍부한 음식 섭취:/ 수분이 많은 과일과 채소(예: 오이, 수박, 오렌지)를 식단에 포함하여 수분 섭취를 보완하세요.",X,,
Sunlight,햇살 한 줌으로 기운 UP! 자외선 차단제로 피부까지 케어!,Sunlight,Sunlight,Vid/비타민 D,Sun/자외선 차단,MindH/정신적 건강,X,X,"비타민 D/ 햇빛을 통해 비타민 D를 합성하는 것은 체내에서 가장 자연스럽고 효율적인 방법입니다. 일반적으로 팔과 다리 또는 얼굴, 팔, 손을 주 2-3회, 5-10분 정도 햇빛에 노출시키는 것이 적절한 비타민 D 수준을 유지하는 데 도움이 됩니다. ","자외선 차단/ 햇빛이 건강에 도움이 되지만, 과도한 자외선 노출은 피부암과 노화의 원인이 될 수 있습니다. 자외선 차단제, 모자, 그늘 등의 자외선 차단 수단을 사용하여 햇빛으로부터 피부를 보호하는 것이 중요합니다.","정신적 건강/ 규칙적인 햇빛 노출은 기분을 개선하고 스트레스를 완화하는 데 도움이 됩니다. 햇빛은 신경계를 안정시키고 자연적으로 스트레스를 해소하는 효과를 제공합니다. 또한 충분한 햇빛을 받으면 밤에 멜라토닌 분비가 촉진되어, 건강한 수면 패턴을 유지할 수 있습니다. ",X,X,"매일 10분 이상 햇빛 쬐기:/ 매일 10분 이상 팔, 다리, 얼굴 등에 햇빛을 쬐어 비타민 D 합성을 돕습니다. 이상적인 시간대는 오전 늦게나 오후 늦게로, 햇빛이 너무 강하지 않은 시간에 노출되는 것이 좋습니다.","출퇴근 시간 활용:/ 가능하다면 출퇴근 시 도보나 자전거를 이용하여 햇빛을 쬐세요. 또는 대중교통을 이용할 경우, 한 정거장 먼저 내려서 걸어가는 것도 좋은 방법입니다.","자외선 차단제 사용:/ 햇볕에 노출될 때는 SPF 30 이상의 자외선 차단제를 바르고, 그늘이나 모자를 이용해 피부를 보호하세요.","햇볕이 강한 시간 피하기:/ 오전 10시부터 오후 4시 사이의 강한 햇볕을 피해 활동하고, 이 시간대에는 자외선 차단제를 반드시 사용하여 피부를 보호하세요.","비타민 D가 풍부한 식품 섭취:/ 햇빛 노출이 부족할 때는 비타민 D가 풍부한 식품(예: 연어, 달걀, 비타민 D 강화 우유)을 식단에 포함시키고, 필요 시 보충제를 고려하세요.",햇볕이 부족한 계절에는 비타민 D 보충제 고려:/ 겨울철이나 햇볕이 부족한 환경에서는 비타민 D 보충제를 섭취하는 것을 고려하세요. 이는 비타민 D 결핍을 예방하고 뼈 건강을 유지하는 데 효과적입니다.,X,,
Temperance,밸런스가 답이다! 절제가 만드는 건강한 라이프스타일!,Temperance,Temperance,Healthy/건강증진,MindH/정신적 건강,Time/시간 관리,X,X,"건강 증진/ 절제는 건강한 식습관을 유지하고, 과식을 방지하며, 비만을 예방하는 데 중요한 역할을 합니다. 절제를 통해 적절한 영양을 섭취하고, 과도한 열량 섭취를 줄이면 심혈관 질환 및 대사 질환의 위험을 낮출 수 있습니다. 또한 절제된 음주 습관은 간 건강을 보호하고, 음주로 인한 다양한 질병을 예방합니다.","정신적 건강/ 절제는 감정과 행동을 적절히 통제하여 스트레스, 분노, 불안 등을 관리하는 데 도움을 줍니다. 감정적 절제를 통해 분노를 조절하면 대인 관계와 정신 건강에 긍정적인 영향을 미칠 수 있으며, 이는 궁극적으로 더 안정적이고 건강한 삶을 유지하는 데 기여합니다.","시간 관리/ 절제는 일과 휴식 사이에서 균형을 유지하는 데 중요한 역할을 합니다. 과도한 일이나 공부는 신체적 피로와 정신적 스트레스를 유발할 수 있으며, 충분한 휴식을 취하지 못하면 생산성과 창의성이 저하됩니다. 절제된 시간 관리로 업무와 여가 시간을 조화롭게 배분하는 것은 전반적인 삶의 질을 높이는 데 필수적입니다.",X,X,"규칙적인 식사 습관 유지:/ 하루 3번 규칙적인 식사를 하고, 폭식을 방지하기 위해 작은 양을 자주 섭취하세요.","정신적 요인 인식:/ 스트레스나 우울함으로 인해 과식하지 않도록 감정을 관리하고, 필요시 전문가의 도움을 받으세요.","적정 음주량 설정:/ 주당 1~2회의 적정 음주량을 설정하고, 사회적 상황에서도 자신이 설정한 한도를 넘지 않도록 노력하세요.",분노 일기 쓰기:/ 분노를 느낄 때 감정을 억제하지 말고 일기에 기록하여 스스로 감정을 분석하고 조절하는 방법을 찾으세요.,"작업 시간 설정:/ 일정 시간 동안 집중해서 일하고, 짧은 휴식 시간을 자주 가지세요. 이는 업무 효율성을 높이고 피로를 줄이는 데 도움을 줍니다.","충분한 수면과 여가 시간 확보:/ 일과 공부에서 벗어나 충분한 수면과 여가 시간을 가지며, 재충전의 시간을 확보하세요.","전자기기 없는 시간:/ 전자기기에서 벗어나 책 읽기, 산책 등 다른 활동을 통해 디지털 디톡스를 실천하세요.","사용 시간 제한:/ 스마트폰, 컴퓨터 등의 전자기기 사용은 잠자기 전에는 자제하여 수면의 질을 높이세요.",X
Trust,신뢰는 삶의 안전벨트! 어려울 때도 나를 지켜줍니다!,Trust,Trust,Emotion/정서적 안정,Society/사회적 지원,Life/삶의 목적,RebellH/영적 건강,X,"정서적 안정/ 연구에 따르면, 신뢰는 희망과 긍정적인 심리 상태와 밀접한 관련이 있으며, 이는 건강 인식과 긍정적인 관계를 나타냅니다. 희망과 신뢰가 있는 관계는 스트레스를 감소시키고, 정신적, 신체적 건강을 증진시킵니다. 또한, 신뢰를 바탕으로 한 관계는 어려운 상황에서도 개인이 긍정적인 태도를 유지할 수 있도록 돕습니다.","사회적 지원/가족, 친구, 직장 동료와 같은 사회적 지원은 개인이 어려운 상황을 헤쳐나가는 데 매우 중요한 역할을 합니다. 연구에 따르면, 사회적 지원은 스트레스 상황에서 정서적 지지와 실제적인 도움을 제공하며, 이는 심리적, 신체적 회복을 촉진합니다.","삶의 목적/ 삶의 목적과 의미는 개인의 정신적, 신체적 건강에 중요한 영향을 미칩니다. 연구에 따르면, 인생에서 목적이 있는 사람들은 스트레스 관리 능력이 더 뛰어나고, 삶의 만족도도 높으며, 우울증과 같은 정신적 문제의 위험이 낮습니다. 목적을 갖고 살아가는 것은 개인의 자아 존중감과 전반적인 행복감을 높이는 중요한 요소입니다.","영적 건강/ 기도나 명상과 같은 영적 활동은 개인의 내면적 안정과 평화를 가져오며, 신뢰를 바탕으로 한 관계 형성에도 긍정적인 영향을 미칩니다. 특히, 영적 활동을 통해 형성된 신뢰는 삶의 의미와 목적을 강화하고, 이를 통해 건강한 대인 관계를 유지하는 데 기여합니다. 이는 장기적으로 신뢰를 기반으로 한 긍정적인 삶을 영위하는 데 도움을 줍니다.",X,"감정 표현 연습:/ 자신의 감정을 솔직하게 표현하고, 이를 적절히 다룰 수 있는 방법을 배워보세요. 정서적 억압은 오히려 정신 건강에 해로울 수 있습니다.","지지 네트워크 구축:/ 가족, 친구, 직장 동료들과의 관계를 지속적으로 강화하고, 필요할 때 도움을 요청하세요. 사회적 지지가 강할수록 스트레스 상황에서 회복력이 커집니다.","목표 설정:/ 자신에게 중요한 인생 목표를 설정하고, 그 목표를 향해 꾸준히 나아가세요. 작은 목표라도 성취할 때마다 성취감을 느끼고 삶의 목적을 찾을 수 있습니다.","자기 성찰:/ 정기적으로 자신의 삶을 돌아보고, 무엇이 자신에게 의미 있는지 탐구하는 시간을 가지세요. 일기를 쓰기나 독서, 명상 등이 자기 성찰에 도움이 될 수 있습니다.",기도 및 명상 습관화:/ 매일 일정 시간 동안 기도하거나 명상을 통해 내면의 평화와 균형을 찾으세요. 이는 스트레스를 완화하고 정신적 안정감을 유지하는 데 도움이 됩니다.,X,,,
Rest,"전자기기는 잠시 멈춤, 수면은 풀 가동! 몸과 마음이 재충전되는 시간!",Rest,Rest,Sleep/수면 부족과 건강,Electronic/전자 기기 사용과 수면,Rhythm/일주기 리듬과 생산성,X,X,"수면 부족과 건강/ 수면은 신체가 재생하고 회복하는 시간을 제공합니다. 연구에 따르면 수면 부족은 포도당 내성 감소와 혈압 상승을 유발하며, 비만과 관련이 있습니다. 7시간 이상의 수면은 특히 관상 동맥 사건의 위험을 줄이는 데 긍정적인 영향을 미칩니다.","전자 기기 사용과 수면/ 전자 기기 사용이 수면에 미치는 부정적인 영향은 명백합니다. 저녁에 3시간 이상 TV, 컴퓨터, 휴대폰을 사용하는 경우, 이는 수면 시간 지연과 수면 질 저하로 이어질 수 있습니다. ","일주기 리듬과 생산성/ 일주기 리듬은 우리의 경계심, 생산성, 신체 활동 수준, 그리고 통증 민감도를 조절하는 중요한 요소입니다. 일주기 리듬이 방해받을 경우 인지 효율성과 경계심에 부정적인 영향을 미칠 수 있으며, 만성적인 수면 부족은 장기적으로 인지 기능에 영향을 줄 수 있습니다.",X,X,7~8시간의 수면 확보:/ 매일 최소 7~8시간의 수면을 취하세요. 이는 신체 회복과 정신적 안정에 필수적입니다.,"정해진 시간에 잠들기:/ 매일 밤 일정한 시간에 잠자리에 들고, 아침에 규칙적으로 일어나는 습관을 들이세요. 10시 이전에 잠자리에 드는 것이 일주기 리듬을 유지하는 데 도움이 될 수 있습니다.","취침 1시간 전 전자 기기 사용 자제:/ 잠들기 전 최소 1시간 동안 TV, 스마트폰, 컴퓨터와 같은 전자 기기 사용을 피하세요. 이는 멜라토닌 분비를 촉진하여 수면의 질을 개선하는 데 도움이 됩니다.","어두운 환경 조성:/ 밤에 숙면을 취하기 위해 방을 최대한 어둡게 만들고, 소음을 차단하여 편안한 수면 환경을 조성하세요.","규칙적인 유산소 운동:/ 매일 규칙적인 운동을 통해 신체 에너지를 소비하고, 수면의 질을 개선하세요. 그러나, 잠들기 직전의 과도한 운동은 오히려 수면을 방해할 수 있으니 피하는 것이 좋습니다.","햇빛 노출:/ 일주기 리듬을 유지하기 위해 낮에 충분한 햇빛을 쬐는 것이 중요합니다. 이는 자연스럽게 멜라토닌 분비를 촉진하고, 야간에 깊은 수면을 돕습니다.",X,,
Nutrition,"똑똑하게 먹고, 활력은 두 배! 영양 균형이 최고의 방패입니다!",Nutrition,Nutrition,Healthy/건강증진,MindH/정신적 건강,Food/음식 섭취 조절,Balance/균형 잡힌 식단,X,"건강 증진/ 균형 잡힌 영양 섭취는 신체적 건강을 유지하는 데 핵심적인 역할을 합니다. 적절한 영양은 에너지를 공급해 일상 활동과 운동을 지원하고, 체중을 조절하며, 심혈관 질환과 같은 만성 질환을 예방하는 데 기여합니다. 비타민과 미네랄, 단백질, 건강한 지방은 면역력을 강화해 감염과 질병으로부터 신체를 보호합니다.","정신적 건강/ 뇌의 신경전달물질을 조절하는 데 중요한 비타민 B군, 오메가-3 지방산, 마그네슘 등은 기분을 안정시키고 스트레스를 완화하는 데 기여합니다. 또한, 오메가-3 지방산과 비타민 D는 인지 기능을 향상시키고, 우울증과 같은 정신 건강 문제를 예방하는 데 중요한 역할을 합니다. 음식 섭취 조절 음식을 천천히 먹고 잘 씹는 것은 식욕을 조절하고, 포만감을 느끼게 하여 과식을 방지하는 데 중요한 역할을 합니다. 연구에 따르면, 천천히 먹으면 섭취하는 음식의 양이 줄어들고 식사 후 포만감이 높아져 체중 관리에 도움이 됩니다.","균형 잡힌 식단/ 다양한 식품군에서 영양소를 고루 섭취하는 것은 심장 질환, 당뇨병 및 뇌졸중과 같은 만성 질환의 위험을 낮추는 데 중요한 역할을 합니다.",X,X,"균형 잡힌 아침 식사:/ 매일 아침 식사에 단백질, 섬유질, 건강한 지방을 포함하여 신체에 필요한 에너지를 제공하세요. 예를 들어, 통곡물, 계란, 견과류, 과일 등을 포함한 아침 식사가 건강을 유지하는 데 도움이 됩니다.","섬유질, 저칼로리 간식:/ 감자칩이나 초콜릿과 같은 고열량 간식 대신, 과일, 채소, 견과류와 같은 건강한 간식을 선택하여 영양을 보충하세요.",간식 섭취 시간 조절:/ 식사 사이에 간식을 즐길 때는 정해진 시간에 적당한 양을 섭취하여 과식을 방지하세요.,"식사 속도 조절:/ 음식을 천천히 먹고 충분히 씹는 습관을 길러, 식사 후에 자연스럽게 포만감을 느끼고 과식을 방지하세요.","식사에 집중:/ 식사 중에 TV를 보거나 전자 기기를 사용하는 것을 피하고, 음식의 맛과 질감을 즐기며 천천히 먹는 것이 중요합니다.","다양한 식품군 섭취:/ 하루에 여러 번 다양한 음식을 섭취하여 균형 잡힌 식단을 유지하세요. 채소, 과일, 단백질, 건강한 지방을 포함한 식단이 신체 기능을 최적화합니다.","포화 지방 및 당류 제한:/ 과도한 포화 지방과 당류 섭취를 피하고, 적절한 양의 건강한 지방(예: 아보카도, 올리브유)을 식단에 포함시키세요.",X,
General Physical Condition,"매일 한 걸음 더, 건강은 내 편! 신체 리듬을 맞추면 하루가 달라져요!",General Physical Condition,General Physical Condition,Weight/체중 관리,BloodP/혈압 관리,BloodS/혈당 관리,Poop/규칙적인 배변,X,"체중 관리/ 체중 유지는 신체의 지방 저장과 신진대사 균형을 의미하며, 과체중이나 비만은 여러 만성 질환의 위험을 높일 수 있습니다. 따라서 적절한 칼로리 섭취와 규칙적인 운동은 건강한 체중을 유지하는 데 필수적입니다.","혈압 관리/ 혈압은 심장과 혈관 건강을 나타내는 중요한 지표입니다. 정상 범위의 혈압을 유지하는 것은 심장병, 뇌졸중과 같은 질병을 예방하는 데 필수적이며, 혈압이 지나치게 높거나 낮으면 장기적인 건강 문제가 발생할 수 있습니다.","혈당 관리/ 혈당은 신체가 에너지를 얻는 주요 수단 중 하나로, 간은 혈당을 조절하는 데 중요한 역할을 합니다. 정상 범위의 혈당을 유지하는 것은 당뇨병 예방에 필수적이며, 혈당 수치가 정상 범위를 벗어나면 당뇨병이나 기타 대사 질환의 위험이 증가합니다.","규칙적인 배변/ 규칙적인 배변은 소화기 건강의 중요한 지표입니다. 소화가 원활하게 이루어지고, 배변이 규칙적일 때 신체는 불필요한 노폐물을 효율적으로 제거할 수 있습니다.",X,"규칙적인 식사:/ 하루 3끼의 균형 잡힌 식사를 규칙적으로 하고, 간식을 통해 혈당이 급격히 변동하는 것을 방지하세요. 특히 아침 식사를 거르지 않는 것이 중요합니다.","규칙적인 운동:/ 주 3-5회 유산소 운동과 근력 운동을 통해 체중을 관리하고, 근육량을 유지하세요. 운동은 신진대사를 촉진하고, 체지방을 감소시키는 데 도움이 됩니다.","저당식 실천:/ 식단에서 정제된 탄수화물과 당분을 줄이고, 복합 탄수화물과 식이섬유가 풍부한 식품을 선택하세요. 이는 혈당 수치를 안정적으로 유지하는 데 도움이 됩니다.","적절한 운동:/ 운동은 인슐린 감수성을 높이고, 혈당 수치를 낮추는 데 도움이 됩니다. 규칙적인 유산소 운동과 근력 운동을 통해 혈당을 관리하세요.","스트레스 관리:/ 명상, 요가, 심호흡 등의 스트레스 관리 기법을 통해 혈압을 안정시키세요. 스트레스는 혈압을 높이는 주요 요인 중 하나이므로, 이를 효과적으로 관리하는 것이 중요합니다.","고섬유질 식단:/ 식단에 섬유질이 풍부한 음식을 포함하세요. 과일, 채소, 통곡물, 콩류 등은 소화를 돕고, 규칙적인 배변을 촉진합니다.","충분한 수분 섭취:/ 매일 충분한 물을 마셔서 대변이 부드럽게 유지되도록 하세요. 이는 변비를 예방하고, 배변을 원활하게 합니다.",X,
Exercise,30분 운동하면 자신감이 쑥쑥! 운동으로 자기 효능감을 채우세요!,Exercise,Exercise,Healthy/건강증진,Aging/노화 방지 및 수명 연장,Self/자기 효능감 향상,X,X,"건강 증진/ 매일 30분 이상 중간 강도의 운동을 하는 것은 심혈관 건강을 증진시키고, 체중을 관리하며, 심혈관 대사 질환을 예방하는 데 필수적입니다. 또한, 적당한 강도의 운동은 백혈구와 같은 면역 세포의 순환을 증가시켜 감염에 대한 저항력을 높입니다.","노화 방지/ 및 수명 연장 운동은 세포의 재생을 촉진하고, 혈류를 개선하며, 근육과 뼈를 강화하여 신체적 퇴화를 늦춥니다. 특히 유산소 운동과 근력 운동은 근육 손실을 방지하고, 나이가 들어도 활동적인 생활을 유지할 수 있도록 도와줍니다. 운동은 또한 인지 기능을 보호하여 치매와 같은 퇴행성 뇌 질환의 발병을 늦추는 데 중요한 역할을 합니다.","자기효능감/ 향상 규칙적인 운동을 통해 체력이 증가하고 목표를 달성하는 경험은 자신감을 높이며, 도전적인 목표를 설정하고 이를 달성할 수 있다는 자기효능감을 강화합니다. 운동을 통해 신체적 성취를 경험하면, 이는 다른 삶의 영역에서도 긍정적인 태도를 촉진할 수 있습니다.",X,X,"선호하는 운동 선택:/ 개인이 즐겁게 할 수 있는 신체 활동을 찾아서 실천하세요. 달리기, 자전거 타기, 수영 등 자신이 좋아하는 활동을 선택하면 꾸준히 운동을 지속할 수 있습니다.","서서 일하기 실천:/ 가능한 경우, 서서 일할 수 있는 책상을 활용하여 장시간 앉아 있는 것을 피하고, 허리 건강을 유지하세요.","짧은 활동적인 휴식 시간 갖기:/ 장시간 앉아 있지 않도록 짧은 휴식 시간을 자주 가지며, 서서 일할 수 있는 환경을 조성하거나, 가벼운 스트레칭을 통해 자세를 자주 바꾸세요.","피트니스 앱 활용:/ 다양한 피트니스 앱을 통해 운동 시간을 기록하고, 칼로리 소모량을 추적하며, 자신만의 운동 계획을 세울 수 있습니다. 이는 운동에 대한 동기 부여를 유지하는 데 유용합니다.","걷기 목표 설정:/ 하루 3000보 이상 걷는 것을 목표로 하세요. 이는 30분 동안의 지속적인 운동으로 쉽게 달성할 수 있으며, 건강한 심박수와 혈액 내 젖산 수치 유지를 도와줍니다.",X,,,
